-- 1.
-- Contrainte sur le format du login non-respectée afin de faciliter les tests et les insertions automatiques
insert into utilisateur (login_user, nom_user, prenom_user, naissance_user, mdp_user) values ('aboultwo01', 'Boultwood', 'Allx', '2/10/1944', 'YYNVfbZ8');
insert into utilisateur (login_user, nom_user, prenom_user, naissance_user, mdp_user) values ('eantoine11', 'Antoinet', 'Erich', '25/3/1978', 'gqjaNa');
insert into utilisateur (login_user, nom_user, prenom_user, naissance_user, mdp_user) values ('msinglet21', 'Singleton', 'Monica', '3/3/1970', '8hAnJUrh');
insert into utilisateur (login_user, nom_user, prenom_user, naissance_user, mdp_user) values ('bkettow31', 'Kettow', 'Blake', '24/10/1996', 'bLSBlBSOlj6');
insert into utilisateur (login_user, nom_user, prenom_user, naissance_user, mdp_user) values ('ajumonet41', 'Jumonet', 'Alessandro', '1/3/2000', 'hk5gSD');
insert into utilisateur (login_user, nom_user, prenom_user, naissance_user, mdp_user) values ('jtuer51', 'Tuer', 'Jessee', '8/9/1975', 'oKUKsWdPqA');
insert into utilisateur (login_user, nom_user, prenom_user, naissance_user, mdp_user) values ('rgrouvel61', 'Grouvel', 'Rhianna', '23/3/1988', 'KZcZnLf');
insert into utilisateur (login_user, nom_user, prenom_user, naissance_user, mdp_user) values ('cbenedyk71', 'Benedyktowicz', 'Chad', '27/1/1941', 'ndeRFCBGYS5');
insert into utilisateur (login_user, nom_user, prenom_user, naissance_user, mdp_user) values ('mdumblto81', 'Dumblton', 'Martin', '13/5/1964', 'D3Uuup7En');
insert into utilisateur (login_user, nom_user, prenom_user, naissance_user, mdp_user) values ('lrichel91', 'Richel', 'Lothario', '11/7/1946', 'u7NSRGgSpeWK');
insert into utilisateur (login_user, nom_user, prenom_user, naissance_user, mdp_user) values ('jcurnocka1', 'Curnock', 'Jerrine', '19/11/1962', 'zNLCCi');
insert into utilisateur (login_user, nom_user, prenom_user, naissance_user, mdp_user) values ('bbaertb1', 'Baert', 'Beitris', '24/11/1940', 'dYsDd2BIsO');
insert into utilisateur (login_user, nom_user, prenom_user, naissance_user, mdp_user) values ('bpophamc1', 'Popham', 'Beniamino', '17/7/1975', 'D5rMuUb');
insert into utilisateur (login_user, nom_user, prenom_user, naissance_user, mdp_user) values ('cdeexd1', 'Deex', 'Clemmie', '5/10/1946', 'iexGV8Oj');
insert into utilisateur (login_user, nom_user, prenom_user, naissance_user, mdp_user) values ('ekunze1', 'Kunz', 'Edvard', '28/4/1975', 'oursVrAUxvE');
insert into utilisateur (login_user, nom_user, prenom_user, naissance_user, mdp_user) values ('tguyonnet1', 'Guyonnet', 'Tonia', '9/10/1948', 'EUv3UrkqhbRK');
insert into utilisateur (login_user, nom_user, prenom_user, naissance_user, mdp_user) values ('Sblaverg1', 'Blaver', 'Sid', '27/5/2002', 'u8GvWidJwp0');
insert into utilisateur (login_user, nom_user, prenom_user, naissance_user, mdp_user) values ('fbernarde1', 'Bernardeau', 'Fayina', '3/11/1942', 'wRrQSN');
insert into utilisateur (login_user, nom_user, prenom_user, naissance_user, mdp_user) values ('jwoolliam1', 'Woolliams', 'Jereme', '8/7/1997', 'Gi6fzswz');
insert into utilisateur (login_user, nom_user, prenom_user, naissance_user, mdp_user) values ('bnicklinj1', 'Nicklin', 'Boycie', '19/8/1943', 'vhFnmVrpNS');

insert into avis (id_objet, login_user, note, commentaire) values (7, 'aboultwo01', 16, 'an32807kh4ael4z9uoi');
insert into avis (id_objet, login_user, note, commentaire) values (7, 'eantoine11', 18, 'aofe8jo7q7a7zki16ps');
insert into avis (id_objet, login_user, note, commentaire) values (7, 'msinglet21', 7, 'gseevmp3b1uogydanvn');
insert into avis (id_objet, login_user, note, commentaire) values (7, 'bkettow31', 1, 'r00vykvqulein8h219t');
insert into avis (id_objet, login_user, note, commentaire) values (7, 'ajumonet41', 17, 'dzy4v9pz2n3t8rsy7ks');
insert into avis (id_objet, login_user, note, commentaire) values (7, 'jtuer51', 18, 'qzmg3sq1jw8fs94qf6l');
insert into avis (id_objet, login_user, note, commentaire) values (7, 'rgrouvel61', 0, 'xjefzeqrwg00sl4uuwq');
insert into avis (id_objet, login_user, note, commentaire) values (7, 'cbenedyk71', 18, '4y7nsfyiz7dvjaqvvgd');
insert into avis (id_objet, login_user, note, commentaire) values (7, 'mdumblto81', 16, 'wnloqcyoi0928kktdww');
insert into avis (id_objet, login_user, note, commentaire) values (7, 'lrichel91', 12, 'kxr8y004jy5n5t9a3mt');
insert into avis (id_objet, login_user, note, commentaire) values (7, 'jcurnocka1', 9, 'mxgibsvz2eg8tv81yu5');
insert into avis (id_objet, login_user, note, commentaire) values (7, 'bbaertb1', 6, 'fdjk507ddjka715uw6n');
insert into avis (id_objet, login_user, note, commentaire) values (7, 'bpophamc1', 5, 'vt09uhs9g25ke7mbfv2');
insert into avis (id_objet, login_user, note, commentaire) values (7, 'cdeexd1', 12, 'zrlc3yodj2pk6bpe4go');
insert into avis (id_objet, login_user, note, commentaire) values (7, 'ekunze1', 15, '0muz3kla0y7w2cq79zp');
insert into avis (id_objet, login_user, note, commentaire) values (7, 'tguyonnet1', 16, '2pxgs0ovcnx24uqflpt');
insert into avis (id_objet, login_user, note, commentaire) values (7, 'Sblaverg1', 12, 'w7laqoxogpbln7fa3s9');
insert into avis (id_objet, login_user, note, commentaire) values (7, 'fbernarde1', 13, 'chl7csksn0vapnaakc3');
insert into avis (id_objet, login_user, note, commentaire) values (7, 'jwoolliam1', 3, 'qqq8zimtsneibiwtpgt');
insert into avis (id_objet, login_user, note, commentaire) values (7, 'bnicklinj1', 13, 'uc9zosr5923q8toajl1');


-- test

declare
score FLOAT;
begin
score := score_oeuvre(7);
dbms_output.put_line('score ='||score);
end;
/

-- affichera 0 car l'objet 6 a moins de 20 appréciations
declare
score FLOAT;
begin
score := score_oeuvre(6);
dbms_output.put_line('score ='||score);
end;
/
rollback;

-- 2. et 3.

INSERT INTO objet VALUES (100, 'Demolition', 'film');
INSERT INTO objet VALUES (101, 'Equals', 'film');
INSERT INTO objet VALUES (102, 'X-Men', 'film');
INSERT INTO objet VALUES (103, 'Matrix', 'film');
INSERT INTO objet VALUES (104, 'Matthias et Maxime', 'film');
INSERT INTO objet VALUES (105, 'Yves Saint Laurent', 'film');
INSERT INTO objet VALUES (106, 'L''etrange histoire de Benjamin Button', 'film');
INSERT INTO objet VALUES (107, 'Stronger', 'film');
INSERT INTO objet VALUES (108, 'Mange, prie, aime', 'film');
INSERT INTO objet VALUES (109, 'Le Voyage de Chihiro', 'film');
INSERT INTO objet VALUES (110, 'Charlie et la Chocolatrie', 'film');
INSERT INTO objet VALUES (111, 'Les Indestructibles', 'film');
INSERT INTO objet VALUES (112, 'Le Loup de Wall Street', 'film');
INSERT INTO objet VALUES (113, 'Source Code', 'film');
INSERT INTO objet VALUES (114, 'Bohemian Rapsody', 'film');
INSERT INTO objet VALUES (115, 'Prisoners', 'film');
INSERT INTO objet VALUES (116, 'Le Cercle des Poetes Disparus', 'film');
INSERT INTO objet VALUES (117, 'Hunger Games', 'film');
INSERT INTO objet VALUES (118, 'Your Name', 'film');
INSERT INTO objet VALUES (119, 'Violet Evergarden', 'film');

INSERT INTO objet VALUES (120, '1984', 'livre');
INSERT INTO objet VALUES (121, 'Animal Farm', 'livre');
INSERT INTO objet VALUES (122, 'Harry Potter', 'livre');
INSERT INTO objet VALUES (123, 'La Metamorphose', 'livre');
INSERT INTO objet VALUES (124, 'Les Trois Mousquetaires', 'livre');
INSERT INTO objet VALUES (125, 'L''Etranger', 'livre');
INSERT INTO objet VALUES (126, 'La Condition humaine', 'livre');
INSERT INTO objet VALUES (127, 'Le Petit Prince', 'livre');
INSERT INTO objet VALUES (128, 'Les Miserables', 'livre');
INSERT INTO objet VALUES (129, 'Le Rouge et le Noir', 'livre');
INSERT INTO objet VALUES (130, 'Madame Bovary', 'livre');
INSERT INTO objet VALUES (131, 'Oscar et la Dame rose', 'livre');
INSERT INTO objet VALUES (132, 'Vivre vite', 'livre');
INSERT INTO objet VALUES (133, 'La plus secrete memoire des hommes', 'livre');
INSERT INTO objet VALUES (134, 'L''Anomalie', 'livre');
INSERT INTO objet VALUES (135, 'Leurs enfants après eux', 'livre');
INSERT INTO objet VALUES (136, 'L''ordre du jour', 'livre');
INSERT INTO objet VALUES (137, 'Pas pleurer', 'livre');
INSERT INTO objet VALUES (138, 'D''apres une histoire vraie', 'livre');
INSERT INTO objet VALUES (139, 'Soudains, seuls', 'livre');

INSERT INTO objet VALUES (140, 'Ori and the Blind Forest', 'jeu video');
INSERT INTO objet VALUES (141, 'Hollow Knight', 'jeu video');
INSERT INTO objet VALUES (142, 'Overwatch', 'jeu video');
INSERT INTO objet VALUES (143, 'Fortnite', 'jeu video');
INSERT INTO objet VALUES (144, 'Pokemon', 'jeu video');
INSERT INTO objet VALUES (145, 'Final Fantasy 14', 'jeu video');
INSERT INTO objet VALUES (146, 'Detroit:Become Human', 'jeu video');
INSERT INTO objet VALUES (147, 'League of Legends', 'jeu video');
INSERT INTO objet VALUES (148, 'Hades', 'jeu video');
INSERT INTO objet VALUES (149, 'Celeste', 'jeu video');
INSERT INTO objet VALUES (150, 'Gris', 'jeu video');
INSERT INTO objet VALUES (151, 'Abzu', 'jeu video');
INSERT INTO objet VALUES (152, 'Minecraft', 'jeu video');
INSERT INTO objet VALUES (153, 'Terraria', 'jeu video');
INSERT INTO objet VALUES (154, 'Life Is Strange', 'jeu video');
INSERT INTO objet VALUES (155, 'The Walking Dead Telltale', 'jeu video');
INSERT INTO objet VALUES (156, 'Call of duty', 'jeu video');
INSERT INTO objet VALUES (157, 'God Of War', 'jeu video');
INSERT INTO objet VALUES (158, 'The Last of Us', 'jeu video');
INSERT INTO objet VALUES (159, 'Uncharted', 'jeu video');


INSERT INTO avis VALUES (100, 'Apearson82', 20, 'Demolition', '15-04-22');
INSERT INTO avis VALUES (101, 'Apearson82', 19, 'Equals', '03-05-22');
INSERT INTO avis VALUES (102, 'Apearson82', 15, 'X-Men', SYSDATE);
INSERT INTO avis VALUES (103, 'Apearson82', 16, 'Matrix', SYSDATE);
INSERT INTO avis VALUES (104, 'Apearson82', 15, 'Matthias et Maxime', SYSDATE);
INSERT INTO avis VALUES (105, 'Apearson82', 8, 'YSL', SYSDATE);
INSERT INTO avis VALUES (106, 'Apearson82', 15, 'Benjamin Button', SYSDATE);
INSERT INTO avis VALUES (108, 'Apearson82', 14, 'Mange, prie, aime', SYSDATE);
INSERT INTO avis VALUES (110, 'Apearson82', 18, 'Charlie et la Chocolaterie', SYSDATE);
INSERT INTO avis VALUES (111, 'Apearson82', 12, 'Les Indestructibles', SYSDATE);
INSERT INTO avis VALUES (113, 'Apearson82', 14, 'Source Code', SYSDATE);
INSERT INTO avis VALUES (114, 'Apearson82', 19, 'Bohemian Rapsody', SYSDATE);
INSERT INTO avis VALUES (115, 'Apearson82', 4, 'Prisoners', SYSDATE);
INSERT INTO avis VALUES (117, 'Apearson82', 15, 'Hunger Games', SYSDATE);
INSERT INTO avis VALUES (119, 'Apearson82', 20, 'Violet Evergarden', SYSDATE);

INSERT INTO avis VALUES (120, 'Apearson82', 19, '1984', SYSDATE);
INSERT INTO avis VALUES (121, 'Apearson82', 18, 'Animal Farm', SYSDATE);
INSERT INTO avis VALUES (123, 'Apearson82', 17, 'La Metamorphose', '18-07-22');
INSERT INTO avis VALUES (124, 'Apearson82', 14, 'Les Trois Mousquetaires', '01-12-22');
INSERT INTO avis VALUES (125, 'Apearson82', 16, 'L''Etranger', '18-06-22');
INSERT INTO avis VALUES (126, 'Apearson82', 5, 'La Condition Humaine', '11-04-22');

INSERT INTO avis VALUES (140, 'Apearson82', 19, 'Ori', SYSDATE);
INSERT INTO avis VALUES (141, 'Apearson82', 15, 'Hollow Knight', SYSDATE);
INSERT INTO avis VALUES (143, 'Apearson82', 5, 'Fortnite', SYSDATE);
INSERT INTO avis VALUES (144, 'Apearson82', 17, 'Pokemon', SYSDATE);
INSERT INTO avis VALUES (146, 'Apearson82', 20, 'Detroit', SYSDATE);
INSERT INTO avis VALUES (147, 'Apearson82', 14, 'League of Legends', SYSDATE);
INSERT INTO avis VALUES (148, 'Apearson82', 18, 'Hades', SYSDATE);
INSERT INTO avis VALUES (149, 'Apearson82', 16, 'Celeste',SYSDATE);
INSERT INTO avis VALUES (150, 'Apearson82', 4, 'Gris', SYSDATE);
INSERT INTO avis VALUES (152, 'Apearson82', 18, 'Minecraft', SYSDATE);
INSERT INTO avis VALUES (153, 'Apearson82', 15, 'Terraria', SYSDATE);
INSERT INTO avis VALUES (154, 'Apearson82', 14, 'Life is Strange', SYSDATE);
INSERT INTO avis VALUES (155, 'Apearson82', 18, 'The Walking Dead Telltale', SYSDATE);
INSERT INTO avis VALUES (156, 'Apearson82', 15, 'Call of', SYSDATE);
INSERT INTO avis VALUES (157, 'Apearson82', 18, 'GoW', SYSDATE);
INSERT INTO avis VALUES (158, 'Apearson82', 17, 'TLOU', SYSDATE);
INSERT INTO avis VALUES (159, 'Apearson82', 15, 'Uncharted', SYSDATE);

INSERT INTO avis VALUES (100, 'Owhinter66', 19, 'Demolition', SYSDATE);
INSERT INTO avis VALUES (101, 'Owhinter66', 19, 'Equals', '03-05-22');
INSERT INTO avis VALUES (102, 'Owhinter66', 15, 'X-Men', SYSDATE);
INSERT INTO avis VALUES (103, 'Owhinter66', 16, 'Matrix', SYSDATE);
INSERT INTO avis VALUES (104, 'Owhinter66', 15, 'Matthias et Maxime', SYSDATE);
INSERT INTO avis VALUES (105, 'Owhinter66', 13, 'YSL', '18-08-22');
INSERT INTO avis VALUES (107, 'Owhinter66', 18, 'Stronger', '25-09-22');
INSERT INTO avis VALUES (106, 'Owhinter66', 15, 'Benjamin Button', SYSDATE);
INSERT INTO avis VALUES (109, 'Owhinter66', 12, 'Noureev', SYSDATE);
INSERT INTO avis VALUES (108, 'Owhinter66', 17, 'Mange, prie, aime', '07-11-22');
INSERT INTO avis VALUES (110, 'Owhinter66', 18, 'Charlie et la Chocolaterie', SYSDATE);
INSERT INTO avis VALUES (111, 'Owhinter66', 14, 'Les Indestructibles', SYSDATE);
INSERT INTO avis VALUES (113, 'Owhinter66', 17, 'Source Code', SYSDATE);
INSERT INTO avis VALUES (114, 'Owhinter66', 13, 'Bohemian Rapsody', SYSDATE);
INSERT INTO avis VALUES (115, 'Owhinter66', 18, 'Prisoners', SYSDATE);
INSERT INTO avis VALUES (117, 'Owhinter66', 5, 'Hunger Games', SYSDATE);
INSERT INTO avis VALUES (119, 'Owhinter66', 10, 'Violet Evergarden', SYSDATE);

INSERT INTO avis VALUES (120, 'Owhinter66', 19, '1984', SYSDATE);
INSERT INTO avis VALUES (121, 'Owhinter66', 18, 'Animal Farm', SYSDATE);
INSERT INTO avis VALUES (123, 'Owhinter66', 17, 'La Metamorphose', SYSDATE);
INSERT INTO avis VALUES (124, 'Owhinter66', 14, 'Les Trois Mousquetaires', '01-12-22');
INSERT INTO avis VALUES (125, 'Owhinter66', 16, 'L''Etranger', '18-06-22');
INSERT INTO avis VALUES (126, 'Owhinter66', 5, 'La Condition Humaine', '11-04-22');
INSERT INTO avis VALUES (127, 'Owhinter66', 12, 'Le Petit Prince', SYSDATE);
INSERT INTO avis VALUES (128, 'Owhinter66', 9, 'Les Miserables', SYSDATE);
INSERT INTO avis VALUES (129, 'Owhinter66', 2, 'Le Rouge et le Noir', SYSDATE);
INSERT INTO avis VALUES (130, 'Owhinter66', 12, 'Madame Bovary', SYSDATE);
INSERT INTO avis VALUES (131, 'Owhinter66', 17, 'Oscar et la Dame rose', SYSDATE);
INSERT INTO avis VALUES (132, 'Owhinter66', 18, 'Vivre vite', SYSDATE);
INSERT INTO avis VALUES (133, 'Owhinter66', 14, 'La plus secrete memoire des hommes', SYSDATE);
INSERT INTO avis VALUES (134, 'Owhinter66', 3, 'L''Anomalie', SYSDATE);
INSERT INTO avis VALUES (135, 'Owhinter66', 17, 'Leurs enfants après eux', SYSDATE);
INSERT INTO avis VALUES (136, 'Owhinter66', 6, 'L''ordre du jour', SYSDATE);
INSERT INTO avis VALUES (137, 'Owhinter66', 15, 'Pas pleurer', SYSDATE);
INSERT INTO avis VALUES (138, 'Owhinter66', 19, 'D''apres une histoire vraie', SYSDATE);
INSERT INTO avis VALUES (139, 'Owhinter66', 16, 'Soudain, seuls', SYSDATE);

INSERT INTO avis VALUES (100, 'Groberts95', 20, 'Demolition', SYSDATE);
INSERT INTO avis VALUES (102, 'Groberts95', 15, 'X-Men', SYSDATE);
INSERT INTO avis VALUES (103, 'Groberts95', 17, 'Matrix', SYSDATE);
INSERT INTO avis VALUES (105, 'Groberts95', 7, 'YSL', SYSDATE);
INSERT INTO avis VALUES (108, 'Groberts95', 14, 'Mange, prie, aime', SYSDATE);
INSERT INTO avis VALUES (106, 'Groberts95', 5, 'Benjamin Button', SYSDATE);
INSERT INTO avis VALUES (119, 'Groberts95', 20, 'Violet Evergarden', SYSDATE);

INSERT INTO avis VALUES (125, 'Groberts95', 16, 'L''Etranger', SYSDATE);
INSERT INTO avis VALUES (126, 'Groberts95', 5, 'La Condition Humaine', SYSDATE);
INSERT INTO avis VALUES (127, 'Groberts95', 12, 'Le Petit Prince', SYSDATE);
INSERT INTO avis VALUES (128, 'Groberts95', 18, 'Les Miserables', SYSDATE);
INSERT INTO avis VALUES (129, 'Groberts95', 2, 'Le Rouge et le Noir', SYSDATE);
INSERT INTO avis VALUES (130, 'Groberts95', 12, 'Madame Bovary', SYSDATE);
INSERT INTO avis VALUES (131, 'Groberts95', 17, 'Oscar et la Dame rose', SYSDATE);
INSERT INTO avis VALUES (132, 'Groberts95', 18, 'Vivre vite', SYSDATE);
INSERT INTO avis VALUES (133, 'Groberts95', 14, 'La plus secrete memoire des hommes', SYSDATE);
INSERT INTO avis VALUES (134, 'Groberts95', 13, 'L''Anomalie', SYSDATE);
INSERT INTO avis VALUES (135, 'Groberts95', 1, 'Leurs enfants après eux', SYSDATE);
INSERT INTO avis VALUES (136, 'Groberts95', 16, 'L''ordre du jour', SYSDATE);
INSERT INTO avis VALUES (137, 'Groberts95', 15, 'Pas pleurer', SYSDATE);
INSERT INTO avis VALUES (138, 'Groberts95', 19, 'D''apres une histoire vraie', SYSDATE);
INSERT INTO avis VALUES (139, 'Groberts95', 16, 'Soudain, seuls', SYSDATE);

INSERT INTO avis VALUES (140, 'Groberts95', 19, 'Ori', SYSDATE);
INSERT INTO avis VALUES (141, 'Groberts95', 17, 'Hollow Knight', SYSDATE);
INSERT INTO avis VALUES (142, 'Groberts95', 18, 'Overwatch', SYSDATE);
INSERT INTO avis VALUES (144, 'Groberts95', 17, 'Pokemon', SYSDATE);
INSERT INTO avis VALUES (146, 'Groberts95', 20, 'Detroit', SYSDATE);
INSERT INTO avis VALUES (147, 'Groberts95', 4, 'League of Legends', SYSDATE);
INSERT INTO avis VALUES (148, 'Groberts95', 14, 'Hades', SYSDATE);
INSERT INTO avis VALUES (149, 'Groberts95', 12, 'Celeste',SYSDATE);
INSERT INTO avis VALUES (150, 'Groberts95', 14, 'Gris', SYSDATE);
INSERT INTO avis VALUES (152, 'Groberts95', 18, 'Abzu', SYSDATE);
INSERT INTO avis VALUES (153, 'Groberts95', 15, 'Terraria', SYSDATE);
INSERT INTO avis VALUES (154, 'Groberts95', 18, 'Life is Strange', SYSDATE);
INSERT INTO avis VALUES (155, 'Groberts95', 19, 'The Walking Dead Telltale', SYSDATE);
INSERT INTO avis VALUES (156, 'Groberts95', 15, 'Call of', SYSDATE);
INSERT INTO avis VALUES (157, 'Groberts95', 18, 'GoW', SYSDATE);
INSERT INTO avis VALUES (158, 'Groberts95', 17, 'TLOU', SYSDATE);
INSERT INTO avis VALUES (159, 'Groberts95', 17, 'Uncharted', SYSDATE);

INSERT INTO avis VALUES (100, 'Mrobinso72', 18, 'Demolition', '15-04-22');
INSERT INTO avis VALUES (101, 'Mrobinso72', 18, 'Equals', '03-05-22');
INSERT INTO avis VALUES (102, 'Mrobinso72', 16, 'X-Men', SYSDATE);
INSERT INTO avis VALUES (103, 'Mrobinso72', 15, 'Matrix', SYSDATE);
INSERT INTO avis VALUES (104, 'Mrobinso72', 14, 'Matthias et Maxime', SYSDATE);
INSERT INTO avis VALUES (105, 'Mrobinso72', 9, 'YSL', SYSDATE);
INSERT INTO avis VALUES (106, 'Mrobinso72', 16, 'Benjamin Button', SYSDATE);
INSERT INTO avis VALUES (108, 'Mrobinso72', 15, 'Mange, prie, aime', SYSDATE);
INSERT INTO avis VALUES (110, 'Mrobinso72', 13, 'Charlie et la Chocolaterie', SYSDATE);
INSERT INTO avis VALUES (111, 'Mrobinso72', 12, 'Les Indestructibles', SYSDATE);
INSERT INTO avis VALUES (113, 'Mrobinso72', 14, 'Source Code', SYSDATE);
INSERT INTO avis VALUES (114, 'Mrobinso72', 19, 'Bohemian Rapsody', SYSDATE);
INSERT INTO avis VALUES (115, 'Mrobinso72', 14, 'Prisoners', SYSDATE);
INSERT INTO avis VALUES (117, 'Mrobinso72', 5, 'Hunger Games', SYSDATE);
INSERT INTO avis VALUES (119, 'Mrobinso72', 20, 'Violet Evergarden', SYSDATE);

INSERT INTO avis VALUES (120, 'Mrobinso72', 19, '1984', SYSDATE);
INSERT INTO avis VALUES (121, 'Mrobinso72', 17, 'Animal Farm', SYSDATE);
INSERT INTO avis VALUES (123, 'Mrobinso72', 16, 'La Metamorphose', SYSDATE);
INSERT INTO avis VALUES (124, 'Mrobinso72', 13, 'Les Trois Mousquetaires', SYSDATE);
INSERT INTO avis VALUES (125, 'Mrobinso72', 18, 'L''Etranger', SYSDATE);
INSERT INTO avis VALUES (126, 'Mrobinso72', 7, 'La Condition Humaine', SYSDATE);
INSERT INTO avis VALUES (127, 'Mrobinso72', 12, 'Le Petit Prince', SYSDATE);
INSERT INTO avis VALUES (128, 'Mrobinso72', 9, 'Les Miserables', SYSDATE);
INSERT INTO avis VALUES (129, 'Mrobinso72', 2, 'Le Rouge et le Noir', SYSDATE);
INSERT INTO avis VALUES (130, 'Mrobinso72', 12, 'Madame Bovary', SYSDATE);
INSERT INTO avis VALUES (131, 'Mrobinso72', 17, 'Oscar et la Dame rose', SYSDATE);
INSERT INTO avis VALUES (132, 'Mrobinso72', 18, 'Vivre vite', SYSDATE);
INSERT INTO avis VALUES (133, 'Mrobinso72', 14, 'La plus secrete memoire des hommes', SYSDATE);
INSERT INTO avis VALUES (134, 'Mrobinso72', 3, 'L''Anomalie', SYSDATE);
INSERT INTO avis VALUES (135, 'Mrobinso72', 17, 'Leurs enfants après eux', SYSDATE);
INSERT INTO avis VALUES (136, 'Mrobinso72', 6, 'L''ordre du jour', SYSDATE);
INSERT INTO avis VALUES (137, 'Mrobinso72', 15, 'Pas pleurer', SYSDATE);
INSERT INTO avis VALUES (138, 'Mrobinso72', 19, 'D''apres une histoire vraie', SYSDATE);
INSERT INTO avis VALUES (139, 'Mrobinso72', 16, 'Soudain, seuls', SYSDATE);

INSERT INTO avis VALUES (140, 'Mrobinso72', 20, 'Ori', SYSDATE);
INSERT INTO avis VALUES (141, 'Mrobinso72', 16, 'Hollow Knight', SYSDATE);
INSERT INTO avis VALUES (143, 'Mrobinso72', 15, 'Fortnite', SYSDATE);
INSERT INTO avis VALUES (144, 'Mrobinso72', 18, 'Pokemon', SYSDATE);
INSERT INTO avis VALUES (146, 'Mrobinso72', 19, 'Detroit', SYSDATE);
INSERT INTO avis VALUES (147, 'Mrobinso72', 2, 'League of Legends', SYSDATE);
INSERT INTO avis VALUES (148, 'Mrobinso72', 17, 'Hades', SYSDATE);
INSERT INTO avis VALUES (149, 'Mrobinso72', 15, 'Celeste',SYSDATE);
INSERT INTO avis VALUES (150, 'Mrobinso72', 14, 'Gris', SYSDATE);
INSERT INTO avis VALUES (152, 'Mrobinso72', 8, 'Minecraft', SYSDATE);
INSERT INTO avis VALUES (153, 'Mrobinso72', 5, 'Terraria', SYSDATE);
INSERT INTO avis VALUES (154, 'Mrobinso72', 4, 'Life is Strange', SYSDATE);
INSERT INTO avis VALUES (155, 'Mrobinso72', 15, 'The Walking Dead Telltale', SYSDATE);
INSERT INTO avis VALUES (156, 'Mrobinso72', 18, 'Call of', SYSDATE);
INSERT INTO avis VALUES (157, 'Mrobinso72', 19, 'GoW', SYSDATE);
INSERT INTO avis VALUES (158, 'Mrobinso72', 18, 'TLOU', SYSDATE);
INSERT INTO avis VALUES (159, 'Mrobinso72', 11, 'Uncharted', SYSDATE);



commit;

SET SERVEROUTPUT ON
--Liste des 10 films et liste des 10 jeux vidéos favoris générées mais listes de livres non générée 
EXECUTE favorites('Apearson82');
--Liste des 10 films et liste des 10 livres favoris générées mais listes de jeux vidéos non générée 
EXECUTE favorites('Owhinter66');
--Liste des 10 livres et liste des 10 jeux vidéos favoris générées mais listes de films non générée 
EXECUTE favorites('Groberts95');
--Liste des 10 films, liste des 10 jeux vidéos et liste des 10 livres favoris générées 
EXECUTE favorites('Mrobinso72');

--Affiche 10 suggestions d'objets pour l'utilisateur 'Apearson82' avec 5 utilisateurs
--qui ont mis au moins 10 mêmes notes aux mêmes objets
EXECUTE suggestions('Apearson82', 10, 5, 10);
--Affichage vide car aucun utilisateur n'a noté au moins 30 objets de la même manière
EXECUTE suggestions('Apearson82', 10, 5, 30);
--Cas d'un autre utilisateur
EXECUTE suggestions('Owhinter66', 10, 5, 10);

commit;